timestamp, name, pci.bus_id, driver_version, pstate, pcie.link.gen.max, pcie.link.gen.current, temperature.gpu, utilization.gpu [%], utilization.memory [%], memory.total [MiB], memory.free [MiB], memory.used [MiB]
2023/03/06 09:53:44.773, NVIDIA GeForce RTX 2080 Ti, 00000000:18:00.0, 525.60.13, P2, 3, 3, 55, 0 %, 0 %, 11264 MiB, 10155 MiB, 855 MiB
2023/03/06 09:53:45.776, NVIDIA GeForce RTX 2080 Ti, 00000000:18:00.0, 525.60.13, P2, 3, 3, 55, 0 %, 0 %, 11264 MiB, 10155 MiB, 855 MiB
2023/03/06 09:53:46.777, NVIDIA GeForce RTX 2080 Ti, 00000000:18:00.0, 525.60.13, P2, 3, 3, 55, 0 %, 0 %, 11264 MiB, 10155 MiB, 855 MiB
2023/03/06 09:53:47.778, NVIDIA GeForce RTX 2080 Ti, 00000000:18:00.0, 525.60.13, P2, 3, 3, 55, 0 %, 0 %, 11264 MiB, 10155 MiB, 855 MiB
2023/03/06 09:53:48.778, NVIDIA GeForce RTX 2080 Ti, 00000000:18:00.0, 525.60.13, P2, 3, 3, 55, 0 %, 0 %, 11264 MiB, 10013 MiB, 997 MiB
2023/03/06 09:53:49.779, NVIDIA GeForce RTX 2080 Ti, 00000000:18:00.0, 525.60.13, P2, 3, 3, 57, 5 %, 0 %, 11264 MiB, 10121 MiB, 889 MiB
2023/03/06 09:53:50.780, NVIDIA GeForce RTX 2080 Ti, 00000000:18:00.0, 525.60.13, P2, 3, 3, 56, 42 %, 2 %, 11264 MiB, 10155 MiB, 855 MiB
2023/03/06 09:53:51.781, NVIDIA GeForce RTX 2080 Ti, 00000000:18:00.0, 525.60.13, P2, 3, 3, 55, 4 %, 0 %, 11264 MiB, 10155 MiB, 855 MiB
2023/03/06 09:53:52.782, NVIDIA GeForce RTX 2080 Ti, 00000000:18:00.0, 525.60.13, P2, 3, 3, 55, 0 %, 0 %, 11264 MiB, 10155 MiB, 855 MiB
2023/03/06 09:53:53.782, NVIDIA GeForce RTX 2080 Ti, 00000000:18:00.0, 525.60.13, P2, 3, 3, 55, 0 %, 0 %, 11264 MiB, 10155 MiB, 855 MiB
2023/03/06 09:53:54.783, NVIDIA GeForce RTX 2080 Ti, 00000000:18:00.0, 525.60.13, P2, 3, 3, 55, 0 %, 0 %, 11264 MiB, 10155 MiB, 855 MiB
2023/03/06 09:53:55.784, NVIDIA GeForce RTX 2080 Ti, 00000000:18:00.0, 525.60.13, P2, 3, 3, 55, 0 %, 0 %, 11264 MiB, 10155 MiB, 855 MiB
2023/03/06 09:53:56.785, NVIDIA GeForce RTX 2080 Ti, 00000000:18:00.0, 525.60.13, P2, 3, 3, 55, 0 %, 0 %, 11264 MiB, 10155 MiB, 855 MiB
2023/03/06 09:53:57.786, NVIDIA GeForce RTX 2080 Ti, 00000000:18:00.0, 525.60.13, P2, 3, 3, 55, 0 %, 0 %, 11264 MiB, 10155 MiB, 855 MiB
2023/03/06 09:53:58.787, NVIDIA GeForce RTX 2080 Ti, 00000000:18:00.0, 525.60.13, P2, 3, 3, 55, 0 %, 0 %, 11264 MiB, 10155 MiB, 855 MiB
2023/03/06 09:53:59.788, NVIDIA GeForce RTX 2080 Ti, 00000000:18:00.0, 525.60.13, P2, 3, 3, 55, 0 %, 0 %, 11264 MiB, 10155 MiB, 855 MiB
2023/03/06 09:54:00.788, NVIDIA GeForce RTX 2080 Ti, 00000000:18:00.0, 525.60.13, P2, 3, 3, 55, 0 %, 0 %, 11264 MiB, 10155 MiB, 855 MiB
2023/03/06 09:54:01.789, NVIDIA GeForce RTX 2080 Ti, 00000000:18:00.0, 525.60.13, P2, 3, 3, 55, 0 %, 0 %, 11264 MiB, 10155 MiB, 855 MiB
2023/03/06 09:54:02.790, NVIDIA GeForce RTX 2080 Ti, 00000000:18:00.0, 525.60.13, P2, 3, 3, 55, 0 %, 0 %, 11264 MiB, 10121 MiB, 889 MiB
2023/03/06 09:54:03.791, NVIDIA GeForce RTX 2080 Ti, 00000000:18:00.0, 525.60.13, P2, 3, 3, 56, 12 %, 1 %, 11264 MiB, 9997 MiB, 1013 MiB
2023/03/06 09:54:04.792, NVIDIA GeForce RTX 2080 Ti, 00000000:18:00.0, 525.60.13, P2, 3, 3, 56, 37 %, 2 %, 11264 MiB, 10155 MiB, 855 MiB
2023/03/06 09:54:05.792, NVIDIA GeForce RTX 2080 Ti, 00000000:18:00.0, 525.60.13, P2, 3, 3, 55, 0 %, 0 %, 11264 MiB, 10155 MiB, 855 MiB
2023/03/06 09:54:06.793, NVIDIA GeForce RTX 2080 Ti, 00000000:18:00.0, 525.60.13, P2, 3, 3, 55, 0 %, 0 %, 11264 MiB, 10155 MiB, 855 MiB
2023/03/06 09:54:07.794, NVIDIA GeForce RTX 2080 Ti, 00000000:18:00.0, 525.60.13, P2, 3, 3, 55, 0 %, 0 %, 11264 MiB, 10155 MiB, 855 MiB
2023/03/06 09:54:08.795, NVIDIA GeForce RTX 2080 Ti, 00000000:18:00.0, 525.60.13, P2, 3, 3, 55, 0 %, 0 %, 11264 MiB, 10155 MiB, 855 MiB
2023/03/06 09:54:09.796, NVIDIA GeForce RTX 2080 Ti, 00000000:18:00.0, 525.60.13, P2, 3, 3, 55, 0 %, 0 %, 11264 MiB, 10155 MiB, 855 MiB
2023/03/06 09:54:10.797, NVIDIA GeForce RTX 2080 Ti, 00000000:18:00.0, 525.60.13, P2, 3, 3, 55, 0 %, 0 %, 11264 MiB, 10155 MiB, 855 MiB
2023/03/06 09:54:11.798, NVIDIA GeForce RTX 2080 Ti, 00000000:18:00.0, 525.60.13, P2, 3, 3, 55, 0 %, 0 %, 11264 MiB, 10155 MiB, 855 MiB
2023/03/06 09:54:12.799, NVIDIA GeForce RTX 2080 Ti, 00000000:18:00.0, 525.60.13, P2, 3, 3, 55, 0 %, 0 %, 11264 MiB, 10155 MiB, 855 MiB
2023/03/06 09:54:13.799, NVIDIA GeForce RTX 2080 Ti, 00000000:18:00.0, 525.60.13, P2, 3, 3, 55, 0 %, 0 %, 11264 MiB, 10155 MiB, 855 MiB
2023/03/06 09:54:14.800, NVIDIA GeForce RTX 2080 Ti, 00000000:18:00.0, 525.60.13, P2, 3, 3, 55, 0 %, 0 %, 11264 MiB, 10155 MiB, 855 MiB
2023/03/06 09:54:15.801, NVIDIA GeForce RTX 2080 Ti, 00000000:18:00.0, 525.60.13, P2, 3, 3, 55, 0 %, 0 %, 11264 MiB, 10155 MiB, 855 MiB
2023/03/06 09:54:16.802, NVIDIA GeForce RTX 2080 Ti, 00000000:18:00.0, 525.60.13, P2, 3, 3, 55, 0 %, 0 %, 11264 MiB, 10119 MiB, 891 MiB
2023/03/06 09:54:17.803, NVIDIA GeForce RTX 2080 Ti, 00000000:18:00.0, 525.60.13, P2, 3, 3, 56, 25 %, 1 %, 11264 MiB, 9997 MiB, 1013 MiB
2023/03/06 09:54:18.804, NVIDIA GeForce RTX 2080 Ti, 00000000:18:00.0, 525.60.13, P2, 3, 3, 56, 25 %, 1 %, 11264 MiB, 10155 MiB, 855 MiB
2023/03/06 09:54:19.805, NVIDIA GeForce RTX 2080 Ti, 00000000:18:00.0, 525.60.13, P2, 3, 3, 55, 0 %, 0 %, 11264 MiB, 10155 MiB, 855 MiB
2023/03/06 09:54:20.805, NVIDIA GeForce RTX 2080 Ti, 00000000:18:00.0, 525.60.13, P2, 3, 3, 55, 0 %, 0 %, 11264 MiB, 10155 MiB, 855 MiB
2023/03/06 09:54:21.806, NVIDIA GeForce RTX 2080 Ti, 00000000:18:00.0, 525.60.13, P2, 3, 3, 55, 0 %, 0 %, 11264 MiB, 10155 MiB, 855 MiB
2023/03/06 09:54:22.807, NVIDIA GeForce RTX 2080 Ti, 00000000:18:00.0, 525.60.13, P2, 3, 3, 55, 0 %, 0 %, 11264 MiB, 10155 MiB, 855 MiB
2023/03/06 09:54:23.808, NVIDIA GeForce RTX 2080 Ti, 00000000:18:00.0, 525.60.13, P2, 3, 3, 55, 0 %, 0 %, 11264 MiB, 10155 MiB, 855 MiB
2023/03/06 09:54:24.809, NVIDIA GeForce RTX 2080 Ti, 00000000:18:00.0, 525.60.13, P2, 3, 3, 55, 0 %, 0 %, 11264 MiB, 10155 MiB, 855 MiB
2023/03/06 09:54:25.810, NVIDIA GeForce RTX 2080 Ti, 00000000:18:00.0, 525.60.13, P2, 3, 3, 55, 0 %, 0 %, 11264 MiB, 10155 MiB, 855 MiB
2023/03/06 09:54:26.811, NVIDIA GeForce RTX 2080 Ti, 00000000:18:00.0, 525.60.13, P2, 3, 3, 55, 0 %, 0 %, 11264 MiB, 10155 MiB, 855 MiB
2023/03/06 09:54:27.811, NVIDIA GeForce RTX 2080 Ti, 00000000:18:00.0, 525.60.13, P2, 3, 3, 55, 0 %, 0 %, 11264 MiB, 10155 MiB, 855 MiB
2023/03/06 09:54:28.812, NVIDIA GeForce RTX 2080 Ti, 00000000:18:00.0, 525.60.13, P2, 3, 3, 55, 0 %, 0 %, 11264 MiB, 10155 MiB, 855 MiB
2023/03/06 09:54:29.813, NVIDIA GeForce RTX 2080 Ti, 00000000:18:00.0, 525.60.13, P2, 3, 3, 55, 0 %, 0 %, 11264 MiB, 10155 MiB, 855 MiB
2023/03/06 09:54:30.814, NVIDIA GeForce RTX 2080 Ti, 00000000:18:00.0, 525.60.13, P2, 3, 3, 55, 0 %, 0 %, 11264 MiB, 10119 MiB, 891 MiB
2023/03/06 09:54:31.814, NVIDIA GeForce RTX 2080 Ti, 00000000:18:00.0, 525.60.13, P2, 3, 3, 56, 18 %, 1 %, 11264 MiB, 9997 MiB, 1013 MiB
2023/03/06 09:54:32.815, NVIDIA GeForce RTX 2080 Ti, 00000000:18:00.0, 525.60.13, P2, 3, 3, 56, 30 %, 1 %, 11264 MiB, 10155 MiB, 855 MiB
2023/03/06 09:54:33.816, NVIDIA GeForce RTX 2080 Ti, 00000000:18:00.0, 525.60.13, P2, 3, 3, 55, 0 %, 0 %, 11264 MiB, 10155 MiB, 855 MiB
2023/03/06 09:54:34.817, NVIDIA GeForce RTX 2080 Ti, 00000000:18:00.0, 525.60.13, P2, 3, 3, 55, 0 %, 0 %, 11264 MiB, 10155 MiB, 855 MiB
2023/03/06 09:54:35.818, NVIDIA GeForce RTX 2080 Ti, 00000000:18:00.0, 525.60.13, P2, 3, 3, 55, 0 %, 0 %, 11264 MiB, 10155 MiB, 855 MiB
2023/03/06 09:54:36.819, NVIDIA GeForce RTX 2080 Ti, 00000000:18:00.0, 525.60.13, P2, 3, 3, 55, 0 %, 0 %, 11264 MiB, 10155 MiB, 855 MiB
2023/03/06 09:54:37.819, NVIDIA GeForce RTX 2080 Ti, 00000000:18:00.0, 525.60.13, P2, 3, 3, 55, 0 %, 0 %, 11264 MiB, 10155 MiB, 855 MiB
2023/03/06 09:54:38.820, NVIDIA GeForce RTX 2080 Ti, 00000000:18:00.0, 525.60.13, P2, 3, 3, 55, 0 %, 0 %, 11264 MiB, 10155 MiB, 855 MiB
2023/03/06 09:54:39.821, NVIDIA GeForce RTX 2080 Ti, 00000000:18:00.0, 525.60.13, P2, 3, 3, 55, 0 %, 0 %, 11264 MiB, 10155 MiB, 855 MiB
2023/03/06 09:54:40.822, NVIDIA GeForce RTX 2080 Ti, 00000000:18:00.0, 525.60.13, P2, 3, 3, 55, 0 %, 0 %, 11264 MiB, 10155 MiB, 855 MiB
2023/03/06 09:54:41.823, NVIDIA GeForce RTX 2080 Ti, 00000000:18:00.0, 525.60.13, P2, 3, 3, 55, 0 %, 0 %, 11264 MiB, 10155 MiB, 855 MiB
2023/03/06 09:54:42.824, NVIDIA GeForce RTX 2080 Ti, 00000000:18:00.0, 525.60.13, P2, 3, 3, 55, 0 %, 0 %, 11264 MiB, 10155 MiB, 855 MiB
2023/03/06 09:54:43.824, NVIDIA GeForce RTX 2080 Ti, 00000000:18:00.0, 525.60.13, P2, 3, 3, 55, 0 %, 0 %, 11264 MiB, 10155 MiB, 855 MiB
2023/03/06 09:54:44.825, NVIDIA GeForce RTX 2080 Ti, 00000000:18:00.0, 525.60.13, P2, 3, 3, 55, 0 %, 0 %, 11264 MiB, 10119 MiB, 891 MiB
2023/03/06 09:54:45.826, NVIDIA GeForce RTX 2080 Ti, 00000000:18:00.0, 525.60.13, P2, 3, 3, 56, 17 %, 1 %, 11264 MiB, 9995 MiB, 1015 MiB
2023/03/06 09:54:46.827, NVIDIA GeForce RTX 2080 Ti, 00000000:18:00.0, 525.60.13, P2, 3, 3, 56, 31 %, 1 %, 11264 MiB, 10155 MiB, 855 MiB
2023/03/06 09:54:47.827, NVIDIA GeForce RTX 2080 Ti, 00000000:18:00.0, 525.60.13, P2, 3, 3, 55, 0 %, 0 %, 11264 MiB, 10155 MiB, 855 MiB
2023/03/06 09:54:48.828, NVIDIA GeForce RTX 2080 Ti, 00000000:18:00.0, 525.60.13, P2, 3, 3, 55, 0 %, 0 %, 11264 MiB, 10155 MiB, 855 MiB
2023/03/06 09:54:49.829, NVIDIA GeForce RTX 2080 Ti, 00000000:18:00.0, 525.60.13, P2, 3, 3, 55, 0 %, 0 %, 11264 MiB, 10155 MiB, 855 MiB
2023/03/06 09:54:50.830, NVIDIA GeForce RTX 2080 Ti, 00000000:18:00.0, 525.60.13, P2, 3, 3, 55, 0 %, 0 %, 11264 MiB, 10155 MiB, 855 MiB
2023/03/06 09:54:51.831, NVIDIA GeForce RTX 2080 Ti, 00000000:18:00.0, 525.60.13, P2, 3, 3, 55, 0 %, 0 %, 11264 MiB, 10155 MiB, 855 MiB
2023/03/06 09:54:52.832, NVIDIA GeForce RTX 2080 Ti, 00000000:18:00.0, 525.60.13, P2, 3, 3, 55, 0 %, 0 %, 11264 MiB, 10155 MiB, 855 MiB
2023/03/06 09:54:53.833, NVIDIA GeForce RTX 2080 Ti, 00000000:18:00.0, 525.60.13, P2, 3, 3, 55, 0 %, 0 %, 11264 MiB, 10155 MiB, 855 MiB
2023/03/06 09:54:54.834, NVIDIA GeForce RTX 2080 Ti, 00000000:18:00.0, 525.60.13, P2, 3, 3, 55, 0 %, 0 %, 11264 MiB, 10155 MiB, 855 MiB
2023/03/06 09:54:55.834, NVIDIA GeForce RTX 2080 Ti, 00000000:18:00.0, 525.60.13, P2, 3, 3, 55, 0 %, 0 %, 11264 MiB, 10155 MiB, 855 MiB
2023/03/06 09:54:56.835, NVIDIA GeForce RTX 2080 Ti, 00000000:18:00.0, 525.60.13, P2, 3, 3, 55, 0 %, 0 %, 11264 MiB, 10155 MiB, 855 MiB
2023/03/06 09:54:57.836, NVIDIA GeForce RTX 2080 Ti, 00000000:18:00.0, 525.60.13, P2, 3, 3, 55, 0 %, 0 %, 11264 MiB, 10155 MiB, 855 MiB
2023/03/06 09:54:58.837, NVIDIA GeForce RTX 2080 Ti, 00000000:18:00.0, 525.60.13, P2, 3, 3, 55, 0 %, 0 %, 11264 MiB, 10155 MiB, 855 MiB
2023/03/06 09:54:59.838, NVIDIA GeForce RTX 2080 Ti, 00000000:18:00.0, 525.60.13, P2, 3, 3, 56, 7 %, 0 %, 11264 MiB, 10101 MiB, 909 MiB
2023/03/06 09:55:00.838, NVIDIA GeForce RTX 2080 Ti, 00000000:18:00.0, 525.60.13, P2, 3, 3, 56, 42 %, 2 %, 11264 MiB, 10155 MiB, 855 MiB
2023/03/06 09:55:01.839, NVIDIA GeForce RTX 2080 Ti, 00000000:18:00.0, 525.60.13, P2, 3, 3, 55, 0 %, 0 %, 11264 MiB, 10155 MiB, 855 MiB
2023/03/06 09:55:02.840, NVIDIA GeForce RTX 2080 Ti, 00000000:18:00.0, 525.60.13, P2, 3, 3, 55, 0 %, 0 %, 11264 MiB, 10155 MiB, 855 MiB
2023/03/06 09:55:03.841, NVIDIA GeForce RTX 2080 Ti, 00000000:18:00.0, 525.60.13, P2, 3, 3, 55, 0 %, 0 %, 11264 MiB, 10155 MiB, 855 MiB
2023/03/06 09:55:04.842, NVIDIA GeForce RTX 2080 Ti, 00000000:18:00.0, 525.60.13, P2, 3, 3, 55, 0 %, 0 %, 11264 MiB, 10155 MiB, 855 MiB
2023/03/06 09:55:05.842, NVIDIA GeForce RTX 2080 Ti, 00000000:18:00.0, 525.60.13, P2, 3, 3, 55, 0 %, 0 %, 11264 MiB, 10155 MiB, 855 MiB
2023/03/06 09:55:06.843, NVIDIA GeForce RTX 2080 Ti, 00000000:18:00.0, 525.60.13, P2, 3, 3, 55, 0 %, 0 %, 11264 MiB, 10155 MiB, 855 MiB
2023/03/06 09:55:07.844, NVIDIA GeForce RTX 2080 Ti, 00000000:18:00.0, 525.60.13, P2, 3, 3, 55, 0 %, 0 %, 11264 MiB, 10155 MiB, 855 MiB
2023/03/06 09:55:08.845, NVIDIA GeForce RTX 2080 Ti, 00000000:18:00.0, 525.60.13, P2, 3, 3, 55, 0 %, 0 %, 11264 MiB, 10155 MiB, 855 MiB
2023/03/06 09:55:09.846, NVIDIA GeForce RTX 2080 Ti, 00000000:18:00.0, 525.60.13, P2, 3, 3, 55, 0 %, 0 %, 11264 MiB, 10155 MiB, 855 MiB
2023/03/06 09:55:10.847, NVIDIA GeForce RTX 2080 Ti, 00000000:18:00.0, 525.60.13, P2, 3, 3, 54, 0 %, 0 %, 11264 MiB, 10155 MiB, 855 MiB
2023/03/06 09:55:11.848, NVIDIA GeForce RTX 2080 Ti, 00000000:18:00.0, 525.60.13, P2, 3, 3, 54, 0 %, 0 %, 11264 MiB, 10155 MiB, 855 MiB
2023/03/06 09:55:12.849, NVIDIA GeForce RTX 2080 Ti, 00000000:18:00.0, 525.60.13, P2, 3, 3, 55, 0 %, 0 %, 11264 MiB, 10155 MiB, 855 MiB
2023/03/06 09:55:13.849, NVIDIA GeForce RTX 2080 Ti, 00000000:18:00.0, 525.60.13, P2, 3, 3, 56, 5 %, 0 %, 11264 MiB, 10117 MiB, 893 MiB
2023/03/06 09:55:14.850, NVIDIA GeForce RTX 2080 Ti, 00000000:18:00.0, 525.60.13, P2, 3, 3, 56, 34 %, 1 %, 11264 MiB, 9995 MiB, 1015 MiB
2023/03/06 09:55:15.851, NVIDIA GeForce RTX 2080 Ti, 00000000:18:00.0, 525.60.13, P2, 3, 3, 56, 10 %, 1 %, 11264 MiB, 10153 MiB, 857 MiB
2023/03/06 09:55:16.852, NVIDIA GeForce RTX 2080 Ti, 00000000:18:00.0, 525.60.13, P2, 3, 3, 55, 0 %, 0 %, 11264 MiB, 10153 MiB, 857 MiB
2023/03/06 09:55:17.853, NVIDIA GeForce RTX 2080 Ti, 00000000:18:00.0, 525.60.13, P2, 3, 3, 55, 0 %, 0 %, 11264 MiB, 10153 MiB, 857 MiB
2023/03/06 09:55:18.854, NVIDIA GeForce RTX 2080 Ti, 00000000:18:00.0, 525.60.13, P2, 3, 3, 55, 0 %, 0 %, 11264 MiB, 10153 MiB, 857 MiB
2023/03/06 09:55:19.854, NVIDIA GeForce RTX 2080 Ti, 00000000:18:00.0, 525.60.13, P2, 3, 3, 55, 0 %, 0 %, 11264 MiB, 10153 MiB, 857 MiB
2023/03/06 09:55:20.855, NVIDIA GeForce RTX 2080 Ti, 00000000:18:00.0, 525.60.13, P2, 3, 3, 55, 0 %, 0 %, 11264 MiB, 10153 MiB, 857 MiB
2023/03/06 09:55:21.856, NVIDIA GeForce RTX 2080 Ti, 00000000:18:00.0, 525.60.13, P2, 3, 3, 55, 0 %, 0 %, 11264 MiB, 10153 MiB, 857 MiB
2023/03/06 09:55:22.857, NVIDIA GeForce RTX 2080 Ti, 00000000:18:00.0, 525.60.13, P2, 3, 3, 54, 0 %, 0 %, 11264 MiB, 10153 MiB, 857 MiB
2023/03/06 09:55:23.858, NVIDIA GeForce RTX 2080 Ti, 00000000:18:00.0, 525.60.13, P2, 3, 3, 55, 0 %, 0 %, 11264 MiB, 10153 MiB, 857 MiB
2023/03/06 09:55:24.859, NVIDIA GeForce RTX 2080 Ti, 00000000:18:00.0, 525.60.13, P2, 3, 3, 55, 0 %, 0 %, 11264 MiB, 10153 MiB, 857 MiB
2023/03/06 09:55:25.860, NVIDIA GeForce RTX 2080 Ti, 00000000:18:00.0, 525.60.13, P2, 3, 3, 54, 0 %, 0 %, 11264 MiB, 10153 MiB, 857 MiB
2023/03/06 09:55:26.861, NVIDIA GeForce RTX 2080 Ti, 00000000:18:00.0, 525.60.13, P2, 3, 3, 54, 0 %, 0 %, 11264 MiB, 10153 MiB, 857 MiB
2023/03/06 09:55:27.861, NVIDIA GeForce RTX 2080 Ti, 00000000:18:00.0, 525.60.13, P2, 3, 3, 55, 0 %, 0 %, 11264 MiB, 10009 MiB, 1001 MiB
2023/03/06 09:55:28.862, NVIDIA GeForce RTX 2080 Ti, 00000000:18:00.0, 525.60.13, P2, 3, 3, 56, 5 %, 0 %, 11264 MiB, 10115 MiB, 895 MiB
2023/03/06 09:55:29.863, NVIDIA GeForce RTX 2080 Ti, 00000000:18:00.0, 525.60.13, P2, 3, 3, 56, 43 %, 2 %, 11264 MiB, 10153 MiB, 857 MiB
2023/03/06 09:55:30.864, NVIDIA GeForce RTX 2080 Ti, 00000000:18:00.0, 525.60.13, P2, 3, 3, 55, 0 %, 0 %, 11264 MiB, 10153 MiB, 857 MiB
2023/03/06 09:55:31.865, NVIDIA GeForce RTX 2080 Ti, 00000000:18:00.0, 525.60.13, P2, 3, 3, 55, 0 %, 0 %, 11264 MiB, 10153 MiB, 857 MiB
2023/03/06 09:55:32.866, NVIDIA GeForce RTX 2080 Ti, 00000000:18:00.0, 525.60.13, P2, 3, 3, 55, 0 %, 0 %, 11264 MiB, 10153 MiB, 857 MiB
2023/03/06 09:55:33.867, NVIDIA GeForce RTX 2080 Ti, 00000000:18:00.0, 525.60.13, P2, 3, 3, 55, 0 %, 0 %, 11264 MiB, 10153 MiB, 857 MiB
2023/03/06 09:55:34.867, NVIDIA GeForce RTX 2080 Ti, 00000000:18:00.0, 525.60.13, P2, 3, 3, 55, 0 %, 0 %, 11264 MiB, 10153 MiB, 857 MiB
2023/03/06 09:55:35.868, NVIDIA GeForce RTX 2080 Ti, 00000000:18:00.0, 525.60.13, P2, 3, 3, 55, 0 %, 0 %, 11264 MiB, 10153 MiB, 857 MiB
2023/03/06 09:55:36.869, NVIDIA GeForce RTX 2080 Ti, 00000000:18:00.0, 525.60.13, P2, 3, 3, 55, 0 %, 0 %, 11264 MiB, 10153 MiB, 857 MiB
2023/03/06 09:55:37.870, NVIDIA GeForce RTX 2080 Ti, 00000000:18:00.0, 525.60.13, P2, 3, 3, 54, 0 %, 0 %, 11264 MiB, 10153 MiB, 857 MiB
2023/03/06 09:55:38.871, NVIDIA GeForce RTX 2080 Ti, 00000000:18:00.0, 525.60.13, P2, 3, 3, 54, 0 %, 0 %, 11264 MiB, 10153 MiB, 857 MiB
2023/03/06 09:55:39.871, NVIDIA GeForce RTX 2080 Ti, 00000000:18:00.0, 525.60.13, P2, 3, 3, 54, 0 %, 0 %, 11264 MiB, 10153 MiB, 857 MiB
2023/03/06 09:55:40.872, NVIDIA GeForce RTX 2080 Ti, 00000000:18:00.0, 525.60.13, P2, 3, 3, 54, 0 %, 0 %, 11264 MiB, 10153 MiB, 857 MiB
2023/03/06 09:55:41.873, NVIDIA GeForce RTX 2080 Ti, 00000000:18:00.0, 525.60.13, P2, 3, 3, 54, 0 %, 0 %, 11264 MiB, 10153 MiB, 857 MiB
2023/03/06 09:55:42.874, NVIDIA GeForce RTX 2080 Ti, 00000000:18:00.0, 525.60.13, P2, 3, 3, 55, 0 %, 0 %, 11264 MiB, 10115 MiB, 895 MiB
2023/03/06 09:55:43.875, NVIDIA GeForce RTX 2080 Ti, 00000000:18:00.0, 525.60.13, P2, 3, 3, 56, 24 %, 1 %, 11264 MiB, 9993 MiB, 1017 MiB
2023/03/06 09:55:44.876, NVIDIA GeForce RTX 2080 Ti, 00000000:18:00.0, 525.60.13, P2, 3, 3, 56, 26 %, 1 %, 11264 MiB, 10153 MiB, 857 MiB
2023/03/06 09:55:45.876, NVIDIA GeForce RTX 2080 Ti, 00000000:18:00.0, 525.60.13, P2, 3, 3, 55, 0 %, 0 %, 11264 MiB, 10153 MiB, 857 MiB
2023/03/06 09:55:46.877, NVIDIA GeForce RTX 2080 Ti, 00000000:18:00.0, 525.60.13, P2, 3, 3, 55, 0 %, 0 %, 11264 MiB, 10153 MiB, 857 MiB
2023/03/06 09:55:47.878, NVIDIA GeForce RTX 2080 Ti, 00000000:18:00.0, 525.60.13, P2, 3, 3, 55, 0 %, 0 %, 11264 MiB, 10153 MiB, 857 MiB
2023/03/06 09:55:48.879, NVIDIA GeForce RTX 2080 Ti, 00000000:18:00.0, 525.60.13, P2, 3, 3, 55, 0 %, 0 %, 11264 MiB, 10153 MiB, 857 MiB
2023/03/06 09:55:49.880, NVIDIA GeForce RTX 2080 Ti, 00000000:18:00.0, 525.60.13, P2, 3, 3, 55, 0 %, 0 %, 11264 MiB, 10153 MiB, 857 MiB
2023/03/06 09:55:50.881, NVIDIA GeForce RTX 2080 Ti, 00000000:18:00.0, 525.60.13, P2, 3, 3, 55, 0 %, 0 %, 11264 MiB, 10153 MiB, 857 MiB
2023/03/06 09:55:51.882, NVIDIA GeForce RTX 2080 Ti, 00000000:18:00.0, 525.60.13, P2, 3, 3, 55, 0 %, 0 %, 11264 MiB, 10153 MiB, 857 MiB
2023/03/06 09:55:52.882, NVIDIA GeForce RTX 2080 Ti, 00000000:18:00.0, 525.60.13, P2, 3, 3, 54, 0 %, 0 %, 11264 MiB, 10153 MiB, 857 MiB
2023/03/06 09:55:53.883, NVIDIA GeForce RTX 2080 Ti, 00000000:18:00.0, 525.60.13, P2, 3, 3, 55, 0 %, 0 %, 11264 MiB, 10153 MiB, 857 MiB
2023/03/06 09:55:54.884, NVIDIA GeForce RTX 2080 Ti, 00000000:18:00.0, 525.60.13, P2, 3, 3, 54, 0 %, 0 %, 11264 MiB, 10153 MiB, 857 MiB
2023/03/06 09:55:55.885, NVIDIA GeForce RTX 2080 Ti, 00000000:18:00.0, 525.60.13, P2, 3, 3, 54, 0 %, 0 %, 11264 MiB, 10153 MiB, 857 MiB
2023/03/06 09:55:56.885, NVIDIA GeForce RTX 2080 Ti, 00000000:18:00.0, 525.60.13, P2, 3, 3, 54, 0 %, 0 %, 11264 MiB, 10153 MiB, 857 MiB
2023/03/06 09:55:57.886, NVIDIA GeForce RTX 2080 Ti, 00000000:18:00.0, 525.60.13, P2, 3, 3, 54, 0 %, 0 %, 11264 MiB, 10115 MiB, 895 MiB
2023/03/06 09:55:58.887, NVIDIA GeForce RTX 2080 Ti, 00000000:18:00.0, 525.60.13, P2, 3, 3, 56, 24 %, 1 %, 11264 MiB, 9993 MiB, 1017 MiB
2023/03/06 09:55:59.888, NVIDIA GeForce RTX 2080 Ti, 00000000:18:00.0, 525.60.13, P2, 3, 3, 56, 26 %, 1 %, 11264 MiB, 10153 MiB, 857 MiB
2023/03/06 09:56:00.889, NVIDIA GeForce RTX 2080 Ti, 00000000:18:00.0, 525.60.13, P2, 3, 3, 55, 0 %, 0 %, 11264 MiB, 10153 MiB, 857 MiB
2023/03/06 09:56:01.890, NVIDIA GeForce RTX 2080 Ti, 00000000:18:00.0, 525.60.13, P2, 3, 3, 55, 0 %, 0 %, 11264 MiB, 10153 MiB, 857 MiB
2023/03/06 09:56:02.890, NVIDIA GeForce RTX 2080 Ti, 00000000:18:00.0, 525.60.13, P2, 3, 3, 55, 0 %, 0 %, 11264 MiB, 10153 MiB, 857 MiB
2023/03/06 09:56:03.891, NVIDIA GeForce RTX 2080 Ti, 00000000:18:00.0, 525.60.13, P2, 3, 3, 55, 0 %, 0 %, 11264 MiB, 10153 MiB, 857 MiB
2023/03/06 09:56:04.892, NVIDIA GeForce RTX 2080 Ti, 00000000:18:00.0, 525.60.13, P2, 3, 3, 55, 0 %, 0 %, 11264 MiB, 10153 MiB, 857 MiB
2023/03/06 09:56:05.893, NVIDIA GeForce RTX 2080 Ti, 00000000:18:00.0, 525.60.13, P2, 3, 3, 55, 0 %, 0 %, 11264 MiB, 10153 MiB, 857 MiB
2023/03/06 09:56:06.894, NVIDIA GeForce RTX 2080 Ti, 00000000:18:00.0, 525.60.13, P2, 3, 3, 55, 0 %, 0 %, 11264 MiB, 10153 MiB, 857 MiB
2023/03/06 09:56:07.895, NVIDIA GeForce RTX 2080 Ti, 00000000:18:00.0, 525.60.13, P2, 3, 3, 55, 0 %, 0 %, 11264 MiB, 10153 MiB, 857 MiB
2023/03/06 09:56:08.895, NVIDIA GeForce RTX 2080 Ti, 00000000:18:00.0, 525.60.13, P2, 3, 3, 54, 0 %, 0 %, 11264 MiB, 10153 MiB, 857 MiB
2023/03/06 09:56:09.896, NVIDIA GeForce RTX 2080 Ti, 00000000:18:00.0, 525.60.13, P2, 3, 3, 54, 0 %, 0 %, 11264 MiB, 10153 MiB, 857 MiB
2023/03/06 09:56:10.897, NVIDIA GeForce RTX 2080 Ti, 00000000:18:00.0, 525.60.13, P2, 3, 3, 54, 0 %, 0 %, 11264 MiB, 10153 MiB, 857 MiB
2023/03/06 09:56:11.898, NVIDIA GeForce RTX 2080 Ti, 00000000:18:00.0, 525.60.13, P2, 3, 3, 54, 0 %, 0 %, 11264 MiB, 10153 MiB, 857 MiB
2023/03/06 09:56:12.898, NVIDIA GeForce RTX 2080 Ti, 00000000:18:00.0, 525.60.13, P2, 3, 3, 54, 0 %, 0 %, 11264 MiB, 10115 MiB, 895 MiB
2023/03/06 09:56:13.899, NVIDIA GeForce RTX 2080 Ti, 00000000:18:00.0, 525.60.13, P2, 3, 3, 56, 26 %, 1 %, 11264 MiB, 9993 MiB, 1017 MiB
2023/03/06 09:56:14.900, NVIDIA GeForce RTX 2080 Ti, 00000000:18:00.0, 525.60.13, P2, 3, 3, 56, 23 %, 1 %, 11264 MiB, 10151 MiB, 859 MiB
2023/03/06 09:56:15.901, NVIDIA GeForce RTX 2080 Ti, 00000000:18:00.0, 525.60.13, P2, 3, 3, 55, 0 %, 0 %, 11264 MiB, 10151 MiB, 859 MiB
2023/03/06 09:56:16.902, NVIDIA GeForce RTX 2080 Ti, 00000000:18:00.0, 525.60.13, P2, 3, 3, 55, 0 %, 0 %, 11264 MiB, 10151 MiB, 859 MiB
2023/03/06 09:56:17.903, NVIDIA GeForce RTX 2080 Ti, 00000000:18:00.0, 525.60.13, P2, 3, 3, 55, 0 %, 0 %, 11264 MiB, 10151 MiB, 859 MiB
2023/03/06 09:56:18.904, NVIDIA GeForce RTX 2080 Ti, 00000000:18:00.0, 525.60.13, P2, 3, 3, 55, 0 %, 0 %, 11264 MiB, 10151 MiB, 859 MiB
2023/03/06 09:56:19.905, NVIDIA GeForce RTX 2080 Ti, 00000000:18:00.0, 525.60.13, P2, 3, 3, 55, 0 %, 0 %, 11264 MiB, 10151 MiB, 859 MiB
2023/03/06 09:56:20.905, NVIDIA GeForce RTX 2080 Ti, 00000000:18:00.0, 525.60.13, P2, 3, 3, 55, 0 %, 0 %, 11264 MiB, 10151 MiB, 859 MiB
2023/03/06 09:56:21.906, NVIDIA GeForce RTX 2080 Ti, 00000000:18:00.0, 525.60.13, P2, 3, 3, 55, 0 %, 0 %, 11264 MiB, 10151 MiB, 859 MiB
2023/03/06 09:56:22.907, NVIDIA GeForce RTX 2080 Ti, 00000000:18:00.0, 525.60.13, P2, 3, 3, 54, 0 %, 0 %, 11264 MiB, 10151 MiB, 859 MiB
2023/03/06 09:56:23.908, NVIDIA GeForce RTX 2080 Ti, 00000000:18:00.0, 525.60.13, P2, 3, 3, 54, 0 %, 0 %, 11264 MiB, 10151 MiB, 859 MiB
2023/03/06 09:56:24.909, NVIDIA GeForce RTX 2080 Ti, 00000000:18:00.0, 525.60.13, P2, 3, 3, 54, 0 %, 0 %, 11264 MiB, 10151 MiB, 859 MiB
2023/03/06 09:56:25.909, NVIDIA GeForce RTX 2080 Ti, 00000000:18:00.0, 525.60.13, P2, 3, 3, 54, 0 %, 0 %, 11264 MiB, 10151 MiB, 859 MiB
2023/03/06 09:56:26.910, NVIDIA GeForce RTX 2080 Ti, 00000000:18:00.0, 525.60.13, P2, 3, 3, 54, 0 %, 0 %, 11264 MiB, 10151 MiB, 859 MiB
2023/03/06 09:56:27.911, NVIDIA GeForce RTX 2080 Ti, 00000000:18:00.0, 525.60.13, P2, 3, 3, 54, 0 %, 0 %, 11264 MiB, 10007 MiB, 1003 MiB
2023/03/06 09:56:28.912, NVIDIA GeForce RTX 2080 Ti, 00000000:18:00.0, 525.60.13, P2, 3, 3, 56, 15 %, 1 %, 11264 MiB, 10113 MiB, 897 MiB
2023/03/06 09:56:29.912, NVIDIA GeForce RTX 2080 Ti, 00000000:18:00.0, 525.60.13, P2, 3, 3, 56, 33 %, 2 %, 11264 MiB, 10151 MiB, 859 MiB
2023/03/06 09:56:30.913, NVIDIA GeForce RTX 2080 Ti, 00000000:18:00.0, 525.60.13, P2, 3, 3, 55, 0 %, 0 %, 11264 MiB, 10151 MiB, 859 MiB
2023/03/06 09:56:31.914, NVIDIA GeForce RTX 2080 Ti, 00000000:18:00.0, 525.60.13, P2, 3, 3, 55, 0 %, 0 %, 11264 MiB, 10151 MiB, 859 MiB
2023/03/06 09:56:32.915, NVIDIA GeForce RTX 2080 Ti, 00000000:18:00.0, 525.60.13, P2, 3, 3, 55, 0 %, 0 %, 11264 MiB, 10151 MiB, 859 MiB
2023/03/06 09:56:33.916, NVIDIA GeForce RTX 2080 Ti, 00000000:18:00.0, 525.60.13, P2, 3, 3, 55, 0 %, 0 %, 11264 MiB, 10151 MiB, 859 MiB
2023/03/06 09:56:34.917, NVIDIA GeForce RTX 2080 Ti, 00000000:18:00.0, 525.60.13, P2, 3, 3, 55, 0 %, 0 %, 11264 MiB, 10151 MiB, 859 MiB
2023/03/06 09:56:35.917, NVIDIA GeForce RTX 2080 Ti, 00000000:18:00.0, 525.60.13, P2, 3, 3, 55, 0 %, 0 %, 11264 MiB, 10151 MiB, 859 MiB
2023/03/06 09:56:36.918, NVIDIA GeForce RTX 2080 Ti, 00000000:18:00.0, 525.60.13, P2, 3, 3, 55, 0 %, 0 %, 11264 MiB, 10151 MiB, 859 MiB
2023/03/06 09:56:37.919, NVIDIA GeForce RTX 2080 Ti, 00000000:18:00.0, 525.60.13, P2, 3, 3, 55, 0 %, 0 %, 11264 MiB, 10151 MiB, 859 MiB
2023/03/06 09:56:38.920, NVIDIA GeForce RTX 2080 Ti, 00000000:18:00.0, 525.60.13, P2, 3, 3, 55, 0 %, 0 %, 11264 MiB, 10151 MiB, 859 MiB
2023/03/06 09:56:39.921, NVIDIA GeForce RTX 2080 Ti, 00000000:18:00.0, 525.60.13, P2, 3, 3, 55, 0 %, 0 %, 11264 MiB, 10151 MiB, 859 MiB
2023/03/06 09:56:40.921, NVIDIA GeForce RTX 2080 Ti, 00000000:18:00.0, 525.60.13, P2, 3, 3, 55, 0 %, 0 %, 11264 MiB, 10151 MiB, 859 MiB
2023/03/06 09:56:41.922, NVIDIA GeForce RTX 2080 Ti, 00000000:18:00.0, 525.60.13, P2, 3, 3, 54, 0 %, 0 %, 11264 MiB, 10151 MiB, 859 MiB
2023/03/06 09:56:42.923, NVIDIA GeForce RTX 2080 Ti, 00000000:18:00.0, 525.60.13, P2, 3, 3, 55, 0 %, 0 %, 11264 MiB, 10005 MiB, 1005 MiB
2023/03/06 09:56:43.924, NVIDIA GeForce RTX 2080 Ti, 00000000:18:00.0, 525.60.13, P2, 3, 3, 56, 5 %, 0 %, 11264 MiB, 10113 MiB, 897 MiB
2023/03/06 09:56:44.925, NVIDIA GeForce RTX 2080 Ti, 00000000:18:00.0, 525.60.13, P2, 3, 3, 56, 45 %, 2 %, 11264 MiB, 10151 MiB, 859 MiB
2023/03/06 09:56:45.925, NVIDIA GeForce RTX 2080 Ti, 00000000:18:00.0, 525.60.13, P2, 3, 3, 56, 0 %, 0 %, 11264 MiB, 10151 MiB, 859 MiB
2023/03/06 09:56:46.926, NVIDIA GeForce RTX 2080 Ti, 00000000:18:00.0, 525.60.13, P2, 3, 3, 55, 0 %, 0 %, 11264 MiB, 10151 MiB, 859 MiB
2023/03/06 09:56:47.927, NVIDIA GeForce RTX 2080 Ti, 00000000:18:00.0, 525.60.13, P2, 3, 3, 55, 0 %, 0 %, 11264 MiB, 10151 MiB, 859 MiB
2023/03/06 09:56:48.928, NVIDIA GeForce RTX 2080 Ti, 00000000:18:00.0, 525.60.13, P2, 3, 3, 55, 0 %, 0 %, 11264 MiB, 10151 MiB, 859 MiB
2023/03/06 09:56:49.929, NVIDIA GeForce RTX 2080 Ti, 00000000:18:00.0, 525.60.13, P2, 3, 3, 55, 0 %, 0 %, 11264 MiB, 10151 MiB, 859 MiB
2023/03/06 09:56:50.930, NVIDIA GeForce RTX 2080 Ti, 00000000:18:00.0, 525.60.13, P2, 3, 3, 55, 0 %, 0 %, 11264 MiB, 10151 MiB, 859 MiB
2023/03/06 09:56:51.931, NVIDIA GeForce RTX 2080 Ti, 00000000:18:00.0, 525.60.13, P2, 3, 3, 55, 0 %, 0 %, 11264 MiB, 10151 MiB, 859 MiB
2023/03/06 09:56:52.931, NVIDIA GeForce RTX 2080 Ti, 00000000:18:00.0, 525.60.13, P2, 3, 3, 55, 0 %, 0 %, 11264 MiB, 10151 MiB, 859 MiB
2023/03/06 09:56:53.932, NVIDIA GeForce RTX 2080 Ti, 00000000:18:00.0, 525.60.13, P2, 3, 3, 55, 0 %, 0 %, 11264 MiB, 10151 MiB, 859 MiB
2023/03/06 09:56:54.933, NVIDIA GeForce RTX 2080 Ti, 00000000:18:00.0, 525.60.13, P2, 3, 3, 54, 0 %, 0 %, 11264 MiB, 10151 MiB, 859 MiB
2023/03/06 09:56:55.934, NVIDIA GeForce RTX 2080 Ti, 00000000:18:00.0, 525.60.13, P2, 3, 3, 54, 0 %, 0 %, 11264 MiB, 10151 MiB, 859 MiB
2023/03/06 09:56:56.935, NVIDIA GeForce RTX 2080 Ti, 00000000:18:00.0, 525.60.13, P2, 3, 3, 54, 0 %, 0 %, 11264 MiB, 10151 MiB, 859 MiB
2023/03/06 09:56:57.936, NVIDIA GeForce RTX 2080 Ti, 00000000:18:00.0, 525.60.13, P2, 3, 3, 54, 0 %, 0 %, 11264 MiB, 10151 MiB, 859 MiB
2023/03/06 09:56:58.937, NVIDIA GeForce RTX 2080 Ti, 00000000:18:00.0, 525.60.13, P2, 3, 3, 54, 0 %, 0 %, 11264 MiB, 10151 MiB, 859 MiB
2023/03/06 09:56:59.937, NVIDIA GeForce RTX 2080 Ti, 00000000:18:00.0, 525.60.13, P2, 3, 3, 56, 25 %, 1 %, 11264 MiB, 10095 MiB, 915 MiB
2023/03/06 09:57:00.938, NVIDIA GeForce RTX 2080 Ti, 00000000:18:00.0, 525.60.13, P2, 3, 3, 56, 25 %, 1 %, 11264 MiB, 10151 MiB, 859 MiB
2023/03/06 09:57:01.939, NVIDIA GeForce RTX 2080 Ti, 00000000:18:00.0, 525.60.13, P2, 3, 3, 55, 0 %, 0 %, 11264 MiB, 10151 MiB, 859 MiB
2023/03/06 09:57:02.940, NVIDIA GeForce RTX 2080 Ti, 00000000:18:00.0, 525.60.13, P2, 3, 3, 55, 0 %, 0 %, 11264 MiB, 10151 MiB, 859 MiB
2023/03/06 09:57:03.941, NVIDIA GeForce RTX 2080 Ti, 00000000:18:00.0, 525.60.13, P2, 3, 3, 55, 0 %, 0 %, 11264 MiB, 10151 MiB, 859 MiB
2023/03/06 09:57:04.942, NVIDIA GeForce RTX 2080 Ti, 00000000:18:00.0, 525.60.13, P2, 3, 3, 55, 0 %, 0 %, 11264 MiB, 10151 MiB, 859 MiB
2023/03/06 09:57:05.943, NVIDIA GeForce RTX 2080 Ti, 00000000:18:00.0, 525.60.13, P2, 3, 3, 55, 0 %, 0 %, 11264 MiB, 10151 MiB, 859 MiB
2023/03/06 09:57:06.943, NVIDIA GeForce RTX 2080 Ti, 00000000:18:00.0, 525.60.13, P2, 3, 3, 54, 0 %, 0 %, 11264 MiB, 10151 MiB, 859 MiB
2023/03/06 09:57:07.944, NVIDIA GeForce RTX 2080 Ti, 00000000:18:00.0, 525.60.13, P2, 3, 3, 54, 0 %, 0 %, 11264 MiB, 10151 MiB, 859 MiB
2023/03/06 09:57:08.945, NVIDIA GeForce RTX 2080 Ti, 00000000:18:00.0, 525.60.13, P2, 3, 3, 54, 0 %, 0 %, 11264 MiB, 10151 MiB, 859 MiB
2023/03/06 09:57:09.946, NVIDIA GeForce RTX 2080 Ti, 00000000:18:00.0, 525.60.13, P2, 3, 3, 54, 0 %, 0 %, 11264 MiB, 10151 MiB, 859 MiB
2023/03/06 09:57:10.947, NVIDIA GeForce RTX 2080 Ti, 00000000:18:00.0, 525.60.13, P2, 3, 3, 54, 0 %, 0 %, 11264 MiB, 10151 MiB, 859 MiB
2023/03/06 09:57:11.947, NVIDIA GeForce RTX 2080 Ti, 00000000:18:00.0, 525.60.13, P2, 3, 3, 54, 0 %, 0 %, 11264 MiB, 10151 MiB, 859 MiB
2023/03/06 09:57:12.948, NVIDIA GeForce RTX 2080 Ti, 00000000:18:00.0, 525.60.13, P2, 3, 3, 54, 0 %, 0 %, 11264 MiB, 10151 MiB, 859 MiB
2023/03/06 09:57:13.949, NVIDIA GeForce RTX 2080 Ti, 00000000:18:00.0, 525.60.13, P2, 3, 3, 54, 0 %, 0 %, 11264 MiB, 10005 MiB, 1005 MiB
2023/03/06 09:57:14.950, NVIDIA GeForce RTX 2080 Ti, 00000000:18:00.0, 525.60.13, P2, 3, 3, 56, 8 %, 0 %, 11264 MiB, 10111 MiB, 899 MiB
2023/03/06 09:57:15.951, NVIDIA GeForce RTX 2080 Ti, 00000000:18:00.0, 525.60.13, P2, 3, 3, 56, 41 %, 2 %, 11264 MiB, 10151 MiB, 859 MiB
2023/03/06 09:57:16.952, NVIDIA GeForce RTX 2080 Ti, 00000000:18:00.0, 525.60.13, P2, 3, 3, 55, 0 %, 0 %, 11264 MiB, 10151 MiB, 859 MiB
2023/03/06 09:57:17.953, NVIDIA GeForce RTX 2080 Ti, 00000000:18:00.0, 525.60.13, P2, 3, 3, 55, 0 %, 0 %, 11264 MiB, 10151 MiB, 859 MiB
2023/03/06 09:57:18.953, NVIDIA GeForce RTX 2080 Ti, 00000000:18:00.0, 525.60.13, P2, 3, 3, 55, 0 %, 0 %, 11264 MiB, 10151 MiB, 859 MiB
2023/03/06 09:57:19.954, NVIDIA GeForce RTX 2080 Ti, 00000000:18:00.0, 525.60.13, P2, 3, 3, 55, 0 %, 0 %, 11264 MiB, 10151 MiB, 859 MiB
2023/03/06 09:57:20.955, NVIDIA GeForce RTX 2080 Ti, 00000000:18:00.0, 525.60.13, P2, 3, 3, 54, 0 %, 0 %, 11264 MiB, 10151 MiB, 859 MiB
2023/03/06 09:57:21.956, NVIDIA GeForce RTX 2080 Ti, 00000000:18:00.0, 525.60.13, P2, 3, 3, 54, 0 %, 0 %, 11264 MiB, 10151 MiB, 859 MiB
2023/03/06 09:57:22.957, NVIDIA GeForce RTX 2080 Ti, 00000000:18:00.0, 525.60.13, P2, 3, 3, 54, 0 %, 0 %, 11264 MiB, 10151 MiB, 859 MiB
2023/03/06 09:57:23.958, NVIDIA GeForce RTX 2080 Ti, 00000000:18:00.0, 525.60.13, P2, 3, 3, 54, 0 %, 0 %, 11264 MiB, 10151 MiB, 859 MiB
2023/03/06 09:57:24.959, NVIDIA GeForce RTX 2080 Ti, 00000000:18:00.0, 525.60.13, P2, 3, 3, 54, 0 %, 0 %, 11264 MiB, 10151 MiB, 859 MiB
2023/03/06 09:57:25.960, NVIDIA GeForce RTX 2080 Ti, 00000000:18:00.0, 525.60.13, P2, 3, 3, 54, 0 %, 0 %, 11264 MiB, 10151 MiB, 859 MiB
2023/03/06 09:57:26.961, NVIDIA GeForce RTX 2080 Ti, 00000000:18:00.0, 525.60.13, P2, 3, 3, 54, 0 %, 0 %, 11264 MiB, 10151 MiB, 859 MiB
2023/03/06 09:57:27.962, NVIDIA GeForce RTX 2080 Ti, 00000000:18:00.0, 525.60.13, P2, 3, 3, 54, 0 %, 0 %, 11264 MiB, 10151 MiB, 859 MiB
2023/03/06 09:57:28.963, NVIDIA GeForce RTX 2080 Ti, 00000000:18:00.0, 525.60.13, P2, 3, 3, 54, 0 %, 0 %, 11264 MiB, 10151 MiB, 859 MiB
2023/03/06 09:57:29.963, NVIDIA GeForce RTX 2080 Ti, 00000000:18:00.0, 525.60.13, P2, 3, 3, 54, 0 %, 0 %, 11264 MiB, 10151 MiB, 859 MiB
2023/03/06 09:57:30.964, NVIDIA GeForce RTX 2080 Ti, 00000000:18:00.0, 525.60.13, P2, 3, 3, 56, 29 %, 1 %, 11264 MiB, 9989 MiB, 1021 MiB
2023/03/06 09:57:31.965, NVIDIA GeForce RTX 2080 Ti, 00000000:18:00.0, 525.60.13, P2, 3, 3, 56, 20 %, 1 %, 11264 MiB, 10151 MiB, 859 MiB
2023/03/06 09:57:32.966, NVIDIA GeForce RTX 2080 Ti, 00000000:18:00.0, 525.60.13, P2, 3, 3, 55, 0 %, 0 %, 11264 MiB, 10151 MiB, 859 MiB
2023/03/06 09:57:33.967, NVIDIA GeForce RTX 2080 Ti, 00000000:18:00.0, 525.60.13, P2, 3, 3, 55, 0 %, 0 %, 11264 MiB, 10151 MiB, 859 MiB
2023/03/06 09:57:34.967, NVIDIA GeForce RTX 2080 Ti, 00000000:18:00.0, 525.60.13, P2, 3, 3, 55, 0 %, 0 %, 11264 MiB, 10151 MiB, 859 MiB
2023/03/06 09:57:35.968, NVIDIA GeForce RTX 2080 Ti, 00000000:18:00.0, 525.60.13, P2, 3, 3, 55, 0 %, 0 %, 11264 MiB, 10151 MiB, 859 MiB
2023/03/06 09:57:36.969, NVIDIA GeForce RTX 2080 Ti, 00000000:18:00.0, 525.60.13, P2, 3, 3, 55, 0 %, 0 %, 11264 MiB, 10151 MiB, 859 MiB
2023/03/06 09:57:37.970, NVIDIA GeForce RTX 2080 Ti, 00000000:18:00.0, 525.60.13, P2, 3, 3, 55, 0 %, 0 %, 11264 MiB, 10151 MiB, 859 MiB
2023/03/06 09:57:38.971, NVIDIA GeForce RTX 2080 Ti, 00000000:18:00.0, 525.60.13, P2, 3, 3, 55, 0 %, 0 %, 11264 MiB, 10151 MiB, 859 MiB
2023/03/06 09:57:39.972, NVIDIA GeForce RTX 2080 Ti, 00000000:18:00.0, 525.60.13, P2, 3, 3, 54, 0 %, 0 %, 11264 MiB, 10151 MiB, 859 MiB
2023/03/06 09:57:40.972, NVIDIA GeForce RTX 2080 Ti, 00000000:18:00.0, 525.60.13, P2, 3, 3, 54, 0 %, 0 %, 11264 MiB, 10151 MiB, 859 MiB
2023/03/06 09:57:41.973, NVIDIA GeForce RTX 2080 Ti, 00000000:18:00.0, 525.60.13, P0, 3, 3, 54, 0 %, 0 %, 11264 MiB, 11010 MiB, 1 MiB
2023/03/06 09:57:42.974, NVIDIA GeForce RTX 2080 Ti, 00000000:18:00.0, 525.60.13, P0, 3, 3, 55, 2 %, 0 %, 11264 MiB, 11010 MiB, 1 MiB
2023/03/06 09:57:43.975, NVIDIA GeForce RTX 2080 Ti, 00000000:18:00.0, 525.60.13, P5, 3, 2, 53, 0 %, 0 %, 11264 MiB, 11010 MiB, 1 MiB
2023/03/06 09:57:44.977, NVIDIA GeForce RTX 2080 Ti, 00000000:18:00.0, 525.60.13, P8, 3, 1, 53, 0 %, 0 %, 11264 MiB, 11010 MiB, 1 MiB
2023/03/06 09:57:45.978, NVIDIA GeForce RTX 2080 Ti, 00000000:18:00.0, 525.60.13, P8, 3, 1, 52, 0 %, 0 %, 11264 MiB, 11010 MiB, 1 MiB
2023/03/06 09:57:46.980, NVIDIA GeForce RTX 2080 Ti, 00000000:18:00.0, 525.60.13, P8, 3, 1, 52, 0 %, 0 %, 11264 MiB, 11010 MiB, 1 MiB
2023/03/06 09:57:47.981, NVIDIA GeForce RTX 2080 Ti, 00000000:18:00.0, 525.60.13, P8, 3, 1, 52, 0 %, 0 %, 11264 MiB, 11010 MiB, 1 MiB
2023/03/06 09:57:48.983, NVIDIA GeForce RTX 2080 Ti, 00000000:18:00.0, 525.60.13, P8, 3, 1, 52, 0 %, 0 %, 11264 MiB, 11010 MiB, 1 MiB
2023/03/06 09:57:49.984, NVIDIA GeForce RTX 2080 Ti, 00000000:18:00.0, 525.60.13, P8, 3, 1, 51, 0 %, 0 %, 11264 MiB, 11010 MiB, 1 MiB
2023/03/06 09:57:50.986, NVIDIA GeForce RTX 2080 Ti, 00000000:18:00.0, 525.60.13, P8, 3, 1, 51, 0 %, 0 %, 11264 MiB, 11010 MiB, 1 MiB
2023/03/06 09:57:51.987, NVIDIA GeForce RTX 2080 Ti, 00000000:18:00.0, 525.60.13, P8, 3, 1, 51, 0 %, 0 %, 11264 MiB, 11010 MiB, 1 MiB
2023/03/06 09:57:52.988, NVIDIA GeForce RTX 2080 Ti, 00000000:18:00.0, 525.60.13, P8, 3, 1, 51, 0 %, 0 %, 11264 MiB, 11010 MiB, 1 MiB
2023/03/06 09:57:53.990, NVIDIA GeForce RTX 2080 Ti, 00000000:18:00.0, 525.60.13, P8, 3, 1, 51, 0 %, 0 %, 11264 MiB, 11010 MiB, 1 MiB
2023/03/06 09:57:54.991, NVIDIA GeForce RTX 2080 Ti, 00000000:18:00.0, 525.60.13, P8, 3, 1, 51, 0 %, 0 %, 11264 MiB, 11010 MiB, 1 MiB
2023/03/06 09:57:55.993, NVIDIA GeForce RTX 2080 Ti, 00000000:18:00.0, 525.60.13, P8, 3, 1, 50, 0 %, 0 %, 11264 MiB, 11010 MiB, 1 MiB
2023/03/06 09:57:56.994, NVIDIA GeForce RTX 2080 Ti, 00000000:18:00.0, 525.60.13, P8, 3, 1, 50, 0 %, 0 %, 11264 MiB, 11010 MiB, 1 MiB
2023/03/06 09:57:57.995, NVIDIA GeForce RTX 2080 Ti, 00000000:18:00.0, 525.60.13, P8, 3, 1, 50, 0 %, 0 %, 11264 MiB, 11010 MiB, 1 MiB
